{"loss": 0.9485135078430176, "_timestamp": 1714387046.8705237, "_runtime": 1.3643016815185547, "_step": 9, "_wandb": {"runtime": 0}}