{"acc": 0.6414570510387421, "loss": 0.35854294896125793, "_timestamp": 1714386764.3705924, "_runtime": 1.7664644718170166, "_step": 9, "_wandb": {"runtime": 0}}